iter	backtest_id	status	annual_return	max_drawdown	sharpe	score	decision	mutation	robust_score	recent6	recent12	prior12	full24	sensitivity	trade_count	complexity	reason
0001		crash	0.0000	0.0000	0.0000	0.000000	crash	tree_run:run-004 round:1	0.000000	0.000000	0.000000	0.000000	0.000000	0.0000	0	10	ValueError: time data 'AUTO' does not match format '%Y-%m-%d'
0002		no_change	0.0000	0.0000	0.0000	0.000000	rollback	tree_run:run-004 round:2 | [替换条件] 无可用替换	0.000000	0.000000	0.000000	0.000000	0.000000	0.0000			mutation produced no effective change
0003		crash	0.0000	0.0000	0.0000	0.000000	crash	tree_run:run-004 round:3	0.000000	0.000000	0.000000	0.000000	0.000000	0.0000	0	10	ValueError: time data 'AUTO' does not match format '%Y-%m-%d'
0004		crash	0.0000	0.0000	0.0000	0.000000	crash	tree_run:run-004 round:4	0.000000	0.000000	0.000000	0.000000	0.000000	0.0000	0	10	ValueError: time data 'AUTO' does not match format '%Y-%m-%d'
0005		crash	0.0000	0.0000	0.0000	0.000000	crash	tree_run:run-004 round:5	0.000000	0.000000	0.000000	0.000000	0.000000	0.0000	0	11	ValueError: time data 'AUTO' does not match format '%Y-%m-%d'
0006		crash	0.0000	0.0000	0.0000	0.000000	crash	tree_run:run-004 round:6	0.000000	0.000000	0.000000	0.000000	0.000000	0.0000	0	12	ValueError: time data 'AUTO' does not match format '%Y-%m-%d'
0007		crash	0.0000	0.0000	0.0000	0.000000	crash	tree_run:run-004 round:7	0.000000	0.000000	0.000000	0.000000	0.000000	0.0000	0	13	ValueError: time data 'AUTO' does not match format '%Y-%m-%d'
0008		crash	0.0000	0.0000	0.0000	0.000000	crash	tree_run:run-004 round:8	0.000000	0.000000	0.000000	0.000000	0.000000	0.0000	0	14	ValueError: time data 'AUTO' does not match format '%Y-%m-%d'
0009		crash	0.0000	0.0000	0.0000	0.000000	crash	tree_run:run-004 round:9	0.000000	0.000000	0.000000	0.000000	0.000000	0.0000	0	15	ValueError: time data 'AUTO' does not match format '%Y-%m-%d'
0010		crash	0.0000	0.0000	0.0000	0.000000	crash	tree_run:run-004 round:10	0.000000	0.000000	0.000000	0.000000	0.000000	0.0000	0	14	ValueError: time data 'AUTO' does not match format '%Y-%m-%d'
0011		crash	0.0000	0.0000	0.0000	0.000000	crash	tree_run:run-004 round:11	0.000000	0.000000	0.000000	0.000000	0.000000	0.0000	0	15	ValueError: time data 'AUTO' does not match format '%Y-%m-%d'
0012		crash	0.0000	0.0000	0.0000	0.000000	crash	tree_run:run-004 round:12	0.000000	0.000000	0.000000	0.000000	0.000000	0.0000	0	16	ValueError: time data 'AUTO' does not match format '%Y-%m-%d'
0013		crash	0.0000	0.0000	0.0000	0.000000	crash	tree_run:run-004 round:13	0.000000	0.000000	0.000000	0.000000	0.000000	0.0000	0	17	ValueError: time data 'AUTO' does not match format '%Y-%m-%d'
0014		crash	0.0000	0.0000	0.0000	0.000000	crash	tree_run:run-004 round:14	0.000000	0.000000	0.000000	0.000000	0.000000	0.0000	0	18	ValueError: time data 'AUTO' does not match format '%Y-%m-%d'
0015		no_change	0.0000	0.0000	0.0000	0.000000	rollback	tree_run:run-004 round:15 | [替换条件] 无可用替换	0.000000	0.000000	0.000000	0.000000	0.000000	0.0000			mutation produced no effective change
0016		crash	0.0000	0.0000	0.0000	0.000000	crash	tree_run:run-004 round:16	0.000000	0.000000	0.000000	0.000000	0.000000	0.0000	0	17	ValueError: time data 'AUTO' does not match format '%Y-%m-%d'
0017		crash	0.0000	0.0000	0.0000	0.000000	crash	tree_run:run-004 round:17	0.000000	0.000000	0.000000	0.000000	0.000000	0.0000	0	18	ValueError: time data 'AUTO' does not match format '%Y-%m-%d'
0018		crash	0.0000	0.0000	0.0000	0.000000	crash	tree_run:run-004 round:18	0.000000	0.000000	0.000000	0.000000	0.000000	0.0000	0	19	ValueError: time data 'AUTO' does not match format '%Y-%m-%d'
0019		crash	0.0000	0.0000	0.0000	0.000000	crash	tree_run:run-004 round:19	0.000000	0.000000	0.000000	0.000000	0.000000	0.0000	0	19	ValueError: time data 'AUTO' does not match format '%Y-%m-%d'
0020		crash	0.0000	0.0000	0.0000	0.000000	crash	tree_run:run-004 round:20	0.000000	0.000000	0.000000	0.000000	0.000000	0.0000	0	19	ValueError: time data 'AUTO' does not match format '%Y-%m-%d'
0021		crash	0.0000	0.0000	0.0000	0.000000	crash	tree_run:run-004 round:21	0.000000	0.000000	0.000000	0.000000	0.000000	0.0000	0	20	ValueError: time data 'AUTO' does not match format '%Y-%m-%d'
0022		no_change	0.0000	0.0000	0.0000	0.000000	rollback	tree_run:run-004 round:22 | [替换条件] 无可用替换	0.000000	0.000000	0.000000	0.000000	0.000000	0.0000			mutation produced no effective change
0023		no_change	0.0000	0.0000	0.0000	0.000000	rollback	tree_run:run-004 round:23 | [粗调阈值] 净资产收益率 30.0 → 30	0.000000	0.000000	0.000000	0.000000	0.000000	0.0000			mutation produced no effective change
0024		crash	0.0000	0.0000	0.0000	0.000000	crash	tree_run:run-004 round:24	0.000000	0.000000	0.000000	0.000000	0.000000	0.0000	0	21	ValueError: time data 'AUTO' does not match format '%Y-%m-%d'
0025		crash	0.0000	0.0000	0.0000	0.000000	crash	tree_run:run-004 round:25	0.000000	0.000000	0.000000	0.000000	0.000000	0.0000	0	21	ValueError: time data 'AUTO' does not match format '%Y-%m-%d'
0026		crash	0.0000	0.0000	0.0000	0.000000	crash	tree_run:run-004 round:26	0.000000	0.000000	0.000000	0.000000	0.000000	0.0000	0	21	ValueError: time data 'AUTO' does not match format '%Y-%m-%d'
0027		crash	0.0000	0.0000	0.0000	0.000000	crash	tree_run:run-004 round:27	0.000000	0.000000	0.000000	0.000000	0.000000	0.0000	0	21	ValueError: time data 'AUTO' does not match format '%Y-%m-%d'
0028		crash	0.0000	0.0000	0.0000	0.000000	crash	tree_run:run-004 round:28	0.000000	0.000000	0.000000	0.000000	0.000000	0.0000	0	21	ValueError: time data 'AUTO' does not match format '%Y-%m-%d'
0029		crash	0.0000	0.0000	0.0000	0.000000	crash	tree_run:run-004 round:29	0.000000	0.000000	0.000000	0.000000	0.000000	0.0000	0	22	ValueError: time data 'AUTO' does not match format '%Y-%m-%d'
0030		crash	0.0000	0.0000	0.0000	0.000000	crash	tree_run:run-004 round:30	0.000000	0.000000	0.000000	0.000000	0.000000	0.0000	0	22	ValueError: time data 'AUTO' does not match format '%Y-%m-%d'
0031		no_change	0.0000	0.0000	0.0000	0.000000	rollback	tree_run:run-004 round:31 | [粗调阈值] 净资产收益率 30.0 → 30	0.000000	0.000000	0.000000	0.000000	0.000000	0.0000			mutation produced no effective change
0032		no_change	0.0000	0.0000	0.0000	0.000000	rollback	tree_run:run-004 round:32 | [粗调阈值] 净资产收益率 30.0 → 30	0.000000	0.000000	0.000000	0.000000	0.000000	0.0000			mutation produced no effective change
0033		crash	0.0000	0.0000	0.0000	0.000000	crash	tree_run:run-004 round:33	0.000000	0.000000	0.000000	0.000000	0.000000	0.0000	0	22	ValueError: time data 'AUTO' does not match format '%Y-%m-%d'
0034		crash	0.0000	0.0000	0.0000	0.000000	crash	tree_run:run-004 round:34	0.000000	0.000000	0.000000	0.000000	0.000000	0.0000	0	22	ValueError: time data 'AUTO' does not match format '%Y-%m-%d'
0035		crash	0.0000	0.0000	0.0000	0.000000	crash	tree_run:run-004 round:35	0.000000	0.000000	0.000000	0.000000	0.000000	0.0000	0	23	ValueError: time data 'AUTO' does not match format '%Y-%m-%d'
0036		crash	0.0000	0.0000	0.0000	0.000000	crash	tree_run:run-004 round:36	0.000000	0.000000	0.000000	0.000000	0.000000	0.0000	0	23	ValueError: time data 'AUTO' does not match format '%Y-%m-%d'
0037		crash	0.0000	0.0000	0.0000	0.000000	crash	tree_run:run-004 round:37	0.000000	0.000000	0.000000	0.000000	0.000000	0.0000	0	23	ValueError: time data 'AUTO' does not match format '%Y-%m-%d'
0038		crash	0.0000	0.0000	0.0000	0.000000	crash	tree_run:run-004 round:38	0.000000	0.000000	0.000000	0.000000	0.000000	0.0000	0	23	ValueError: time data 'AUTO' does not match format '%Y-%m-%d'
0039		crash	0.0000	0.0000	0.0000	0.000000	crash	tree_run:run-004 round:39	0.000000	0.000000	0.000000	0.000000	0.000000	0.0000	0	24	ValueError: time data 'AUTO' does not match format '%Y-%m-%d'
0040		no_change	0.0000	0.0000	0.0000	0.000000	rollback	tree_run:run-004 round:40 | [替换条件] 无可用替换	0.000000	0.000000	0.000000	0.000000	0.000000	0.0000			mutation produced no effective change
0041		crash	0.0000	0.0000	0.0000	0.000000	crash	tree_run:run-004 round:41	0.000000	0.000000	0.000000	0.000000	0.000000	0.0000	0	24	ValueError: time data 'AUTO' does not match format '%Y-%m-%d'
0042		no_change	0.0000	0.0000	0.0000	0.000000	rollback	tree_run:run-004 round:42 | [替换条件] 无可用替换	0.000000	0.000000	0.000000	0.000000	0.000000	0.0000			mutation produced no effective change
0043		no_change	0.0000	0.0000	0.0000	0.000000	rollback	tree_run:run-004 round:43 | [替换条件] 无可用替换	0.000000	0.000000	0.000000	0.000000	0.000000	0.0000			mutation produced no effective change
0044		no_change	0.0000	0.0000	0.0000	0.000000	rollback	tree_run:run-004 round:44 | [替换条件] 无可用替换	0.000000	0.000000	0.000000	0.000000	0.000000	0.0000			mutation produced no effective change
0045		crash	0.0000	0.0000	0.0000	0.000000	crash	tree_run:run-004 round:45	0.000000	0.000000	0.000000	0.000000	0.000000	0.0000	0	24	ValueError: time data 'AUTO' does not match format '%Y-%m-%d'
0046		crash	0.0000	0.0000	0.0000	0.000000	crash	tree_run:run-004 round:46	0.000000	0.000000	0.000000	0.000000	0.000000	0.0000	0	25	ValueError: time data 'AUTO' does not match format '%Y-%m-%d'
0047		crash	0.0000	0.0000	0.0000	0.000000	crash	tree_run:run-004 round:47	0.000000	0.000000	0.000000	0.000000	0.000000	0.0000	0	26	ValueError: time data 'AUTO' does not match format '%Y-%m-%d'
0048		crash	0.0000	0.0000	0.0000	0.000000	crash	tree_run:run-004 round:48	0.000000	0.000000	0.000000	0.000000	0.000000	0.0000	0	26	ValueError: time data 'AUTO' does not match format '%Y-%m-%d'
0049		crash	0.0000	0.0000	0.0000	0.000000	crash	tree_run:run-004 round:49	0.000000	0.000000	0.000000	0.000000	0.000000	0.0000	0	26	ValueError: time data 'AUTO' does not match format '%Y-%m-%d'
0050		crash	0.0000	0.0000	0.0000	0.000000	crash	tree_run:run-004 round:50	0.000000	0.000000	0.000000	0.000000	0.000000	0.0000	0	26	ValueError: time data 'AUTO' does not match format '%Y-%m-%d'
0051		crash	0.0000	0.0000	0.0000	0.000000	crash	tree_run:run-004 round:52	0.000000	0.000000	0.000000	0.000000	0.000000	0.0000	0	26	ValueError: time data 'AUTO' does not match format '%Y-%m-%d'
