iter	backtest_id	status	annual_return	max_drawdown	sharpe	score	decision	mutation0000	jqka_1776138749474	ok	1.0000	0.1300	0.0000	1.871121	keep	[追踪止损] 8% → 10%
0001	jqka_1776138796353	ok	1.0000	0.1100	0.0000	2.221544	keep	[添加条件] 市盈率小于30
0002	jqka_1776138816936	ok	1.0000	0.1100	0.0000	2.221481	rollback	[止损] 12% → 9%
0003	jqka_1776138848119	ok	1.0000	0.1100	0.0000	2.221544	rollback	[追踪止损] 10% → 8%
0004	jqka_1776138872146	ok	1.0000	0.1100	0.0000	2.221910	keep	[添加条件] 成交额大于5000万
0005	jqka_1776138892915	ok	1.0000	0.1100	0.0000	2.221910	rollback	[持仓天数] 2,4 → 2
0006	jqka_1776138903483	ok	0.0000	0.0400	0.0000	-0.954159	rollback	[最大持仓] 6 → 2
0007	jqka_1776138911567	ok	1.0000	0.1200	0.0000	2.032774	rollback	[止盈] 25% → 20%
0008	jqka_1776138922885	ok	1.0000	0.1100	0.0000	2.221910	rollback	[持仓天数] 2,4 → 2
0009	jqka_1776138938619	ok	1.0000	0.1100	0.0000	2.221975	keep	[移除条件] 非ST
